113,0,0,2,72,72,73,73,73,15,10,15,15,15,25,20,25,25,25
113,0,0,3,129,129,129,72,72,10,10,10,10,10,10,10,10,10,10
113,0,0,4,129,72,170,90,170,20,20,20,20,20,20,20,20,20,20
113,0,0,5,170,90,73,171,73,40,40,40,40,40,40,40,40,40,40
114,0,0,2,72,72,73,73,73,15,10,15,15,15,25,20,25,25,25
114,0,0,3,129,129,129,98,98,10,10,10,10,10,10,10,10,10,10
114,0,0,4,129,98,98,222,98,20,20,20,20,20,20,20,20,20,20
114,0,0,5,98,222,98,99,98,40,40,40,40,40,40,40,40,40,40
115,0,0,2,60,60,61,61,61,15,10,15,15,15,25,20,25,25,25
115,0,0,3,129,129,129,60,60,10,10,10,10,10,10,10,10,10,10
115,0,0,4,129,60,60,60,60,20,20,20,20,20,20,20,20,20,20
115,0,0,5,60,60,129,60,129,40,40,40,40,40,40,40,40,40,40
116,0,0,1,98,213,15,23,24,28
116,0,0,2,72,72,73,73,73,15,10,15,15,15,25,20,25,25,25
116,0,0,3,129,129,129,98,98,10,10,10,10,10,10,10,10,10,10
116,0,0,4,129,98,98,222,98,20,20,20,20,20,20,20,20,20,20
116,0,0,5,98,222,98,99,98,40,40,40,40,40,40,40,40,40,40
117,0,0,2,72,72,73,73,73,15,10,15,15,15,25,20,25,25,25
117,0,0,3,129,129,129,98,98,10,10,10,10,10,10,10,10,10,10
117,0,0,4,129,98,98,222,98,20,20,20,20,20,20,20,20,20,20
117,0,0,5,98,222,98,99,98,40,40,40,40,40,40,40,40,40,40
118,0,0,2,60,60,61,61,61,15,10,15,15,15,25,20,25,25,25
118,0,0,3,129,129,129,60,60,10,10,10,10,10,10,10,10,10,10
118,0,0,4,129,60,60,60,60,20,20,20,20,20,20,20,20,20,20
118,0,0,5,60,60,129,60,129,40,40,40,40,40,40,40,40,40,40
119,0,0,2,129,129,130,130,130,10,5,10,10,10,20,15,20,20,20
119,0,0,3,129,129,129,129,129,10,10,10,10,10,10,10,10,10,10
119,0,0,4,129,129,129,130,129,20,20,20,20,20,20,20,20,20,20
119,0,0,5,129,130,129,129,129,40,40,40,40,40,40,40,40,40,40
120,0,0,2,129,129,129,129,129,10,5,2,2,2,20,15,10,10,10
120,0,0,3,129,129,129,60,60,10,10,10,10,10,10,10,10,10,10
120,0,0,4,129,60,60,60,60,20,20,20,20,20,20,20,20,20,20
120,0,0,5,60,60,129,60,129,40,40,40,40,40,40,40,40,40,40
121,1,0,0,114,77,114,77,232,232,78,78,84,85,84,85,41,42,41,42,42,42,44,44,41,43,41,43
121,2,0,0,114,77,114,77,232,232,78,78,84,85,84,85,41,42,41,42,42,42,44,44,41,43,41,43
121,3,0,0,114,77,114,77,232,232,78,78,215,215,215,215,41,42,41,42,42,42,44,44,41,43,41,43
121,0,1,0,114,77,293,293,264,264,78,78,84,85,84,85,41,42,41,42,42,42,44,44,41,43,41,43
121,0,2,0,114,77,418,418,399,399,78,78,84,85,84,85,41,42,41,42,42,42,44,44,41,43,41,43
121,0,0,2,61,61,60,60,61,30,35,30,30,48,40,45,40,40,48
121,0,0,3,129,129,129,60,60,10,10,10,10,10,10,10,10,10,10
121,0,0,4,129,60,60,60,60,20,20,20,20,20,20,20,20,20,20
121,0,0,5,60,60,129,60,129,40,40,40,40,40,40,40,40,40,40
122,0,0,2,72,72,73,73,73,35,30,35,35,35,35,30,35,35,35
122,0,0,3,129,129,129,72,72,10,10,10,10,10,10,10,10,10,10
122,0,0,4,129,72,170,90,170,20,20,20,20,20,20,20,20,20,20
122,0,0,5,170,90,73,171,73,40,40,40,40,40,40,40,40,40,40
123,0,0,2,60,60,61,61,61,10,5,10,10,10,10,5,10,10,10
123,0,0,3,129,129,129,60,60,10,10,10,10,10,10,10,10,10,10
123,0,0,4,129,60,60,60,60,20,20,20,20,20,20,20,20,20,20
123,0,0,5,60,60,129,60,129,40,40,40,40,40,40,40,40,40,40
124,0,0,2,118,118,119,119,119,10,5,10,10,10,10,5,10,10,10
124,0,0,3,129,129,129,118,118,10,10,10,10,10,10,10,10,10,10
124,0,0,4,129,118,118,118,118,20,20,20,20,20,20,20,20,20,20
124,0,0,5,118,118,129,119,129,40,40,40,40,40,40,40,40,40,40
125,0,0,1,50,213,24,32,37,35
125,0,0,2,72,72,73,73,73,35,30,35,35,35,35,30,35,35,35
125,0,0,3,129,129,129,72,72,10,10,10,10,10,10,10,10,10,10
125,0,0,4,129,72,170,90,170,20,20,20,20,20,20,20,20,20,20
125,0,0,5,170,90,73,171,73,40,40,40,40,40,40,40,40,40,40
126,0,0,2,88,88,89,89,89,20,15,15,15,15,20,15,15,15,15
127,0,0,2,129,129,129,129,129,20,15,10,10,10,20,15,10,10,10
127,0,0,3,129,129,129,129,129,10,10,10,10,10,10,10,10,10,10
127,0,0,4,129,129,129,130,129,20,20,20,20,20,20,20,20,20,20
127,0,0,5,129,130,129,129,129,40,40,40,40,40,40,40,40,40,40
128,0,0,2,72,72,73,73,73,35,30,35,35,35,35,30,35,35,35
128,0,0,3,129,129,129,72,72,10,10,10,10,10,10,10,10,10,10
128,0,0,4,129,72,170,90,170,20,20,20,20,20,20,20,20,20,20
128,0,0,5,170,90,73,171,73,40,40,40,40,40,40,40,40,40,40
129,1,0,0,16,19,16,19,161,161,16,16,162,16,162,16,2,2,2,2,3,3,3,3,6,4,6,4
129,2,0,0,16,19,16,19,161,161,16,16,162,16,162,16,2,2,2,2,3,3,3,3,6,4,6,4
129,3,0,0,163,19,163,19,19,19,163,163,19,163,19,163,2,2,2,2,3,3,3,3,6,4,6,4
129,0,1,0,16,19,311,311,312,312,16,16,162,16,162,16,2,2,2,2,3,3,3,3,6,4,6,4
129,0,2,0,16,19,403,403,403,403,16,16,162,16,162,16,2,2,2,2,3,3,3,3,6,4,6,4
130,1,0,0,10,16,10,16,11,11,12,12,17,167,17,10,3,3,3,3,5,5,7,8,7,10,7,4
130,2,0,0,10,16,10,16,16,16,12,12,17,17,17,10,3,3,3,3,5,5,7,8,7,10,7,4
130,3,0,0,163,167,163,167,163,163,164,164,168,164,168,167,3,3,3,3,5,5,7,8,7,10,7,4
130,0,1,0,10,16,311,311,312,312,12,12,17,167,17,10,3,3,3,3,5,5,7,8,7,10,7,4
130,0,2,0,10,16,403,403,403,403,12,12,17,167,17,10,3,3,3,3,5,5,7,8,7,10,7,4
131,1,0,0,10,16,10,16,11,11,12,12,17,167,17,10,3,3,3,3,5,5,7,8,7,10,7,4
131,2,0,0,10,16,10,16,11,11,16,16,17,17,17,10,3,3,3,3,5,5,7,8,7,10,7,4
131,3,0,0,163,167,163,167,163,163,164,164,168,164,168,167,3,3,3,3,5,5,7,8,7,10,7,4
131,0,1,0,10,16,311,311,312,312,12,12,17,167,17,10,3,3,3,3,5,5,7,8,7,10,7,4
131,0,2,0,10,16,403,403,403,403,12,12,17,167,17,10,3,3,3,3,5,5,7,8,7,10,7,4
132,1,0,0,21,19,21,19,21,21,39,39,19,21,19,21,5,5,5,5,8,8,6,6,10,8,10,8
132,2,0,0,21,19,21,19,21,21,39,39,19,21,19,21,5,5,5,5,8,8,6,6,10,8,10,8
132,3,0,0,19,41,19,41,19,19,39,39,19,19,19,19,5,5,5,5,8,8,6,6,10,8,10,8
132,0,1,0,21,19,311,311,312,312,39,39,19,21,19,21,5,5,5,5,8,8,6,6,10,8,10,8
132,0,2,0,21,19,403,403,403,403,39,39,19,21,19,21,5,5,5,5,8,8,6,6,10,8,10,8
133,1,0,0,21,19,21,19,21,21,39,39,19,21,19,21,5,5,5,5,8,8,6,6,10,8,10,8
133,2,0,0,21,19,21,19,21,21,39,39,19,21,19,21,5,5,5,5,8,8,6,6,10,8,10,8
133,3,0,0,21,41,21,41,19,19,39,39,19,19,19,19,5,5,5,5,8,8,6,6,10,8,10,8
133,0,1,0,21,19,293,293,264,264,39,39,19,21,19,21,5,5,5,5,8,8,6,6,10,8,10,8
133,0,2,0,21,19,418,418,399,399,39,39,19,21,19,21,5,5,5,5,8,8,6,6,10,8,10,8
133,0,0,2,118,118,119,119,119,10,5,10,10,10,10,5,10,10,10
133,0,0,3,129,129,129,118,118,10,10,10,10,10,10,10,10,10,10
133,0,0,4,129,118,118,118,118,20,20,20,20,20,20,20,20,20,20
133,0,0,5,118,118,129,119,129,40,40,40,40,40,40,40,40,40,40
134,1,0,0,16,69,16,69,16,16,16,16,63,63,63,63,13,13,13,13,14,14,15,15,12,14,12,14
134,2,0,0,16,69,16,69,16,16,16,16,63,63,63,63,13,13,13,13,14,14,15,15,12,14,12,14
134,3,0,0,43,43,43,43,69,69,44,44,63,63,63,63,13,13,13,13,14,14,15,15,12,14,12,14
134,0,1,0,16,69,311,311,312,312,16,16,63,63,63,63,13,13,13,13,14,14,15,15,12,14,12,14
134,0,2,0,16,69,403,403,403,403,16,16,63,63,63,63,13,13,13,13,14,14,15,15,12,14,12,14
135,1,0,0,16,69,16,69,16,16,81,81,63,63,63,63,13,13,13,13,14,14,15,15,12,14,12,14
135,2,0,0,16,69,16,69,16,16,81,81,63,63,63,63,13,13,13,13,14,14,15,15,12,14,12,14
135,3,0,0,43,43,43,43,69,69,81,81,63,63,63,63,13,13,13,13,14,14,15,15,12,14,12,14
135,0,1,0,16,69,293,293,264,264,81,81,63,63,63,63,13,13,13,13,14,14,15,15,12,14,12,14
135,0,2,0,16,69,418,418,399,399,81,81,63,63,63,63,13,13,13,13,14,14,15,15,12,14,12,14
135,0,0,2,54,54,55,55,55,10,5,10,10,10,10,5,10,10,10
135,0,0,3,129,129,129,60,60,10,10,10,10,10,10,10,10,10,10
135,0,0,4,129,60,60,60,60,20,20,20,20,20,20,20,20,20,20
135,0,0,5,60,60,129,60,129,40,40,40,40,40,40,40,40,40,40
136,1,0,0,19,21,19,21,58,58,20,20,19,19,19,19,17,17,17,17,18,18,19,19,19,15,19,15
136,2,0,0,19,21,19,21,58,58,20,20,19,58,19,58,17,17,17,17,18,18,19,19,19,15,19,15
136,3,0,0,19,198,19,198,58,58,20,20,198,228,198,228,17,17,17,17,18,18,19,19,19,15,19,15
136,0,1,0,19,21,311,311,312,312,20,20,19,19,19,19,17,17,17,17,18,18,19,19,19,15,19,15
136,0,2,0,19,21,403,403,403,403,20,20,19,19,19,19,17,17,17,17,18,18,19,19,19,15,19,15
137,1,0,0,17,17,17,17,63,63,58,58,17,64,17,64,17,19,17,19,15,15,18,18,17,15,17,15
137,2,0,0,17,17,17,17,63,63,58,58,17,64,17,64,17,19,17,19,15,15,18,18,17,15,17,15
137,3,0,0,164,93,164,93,63,63,164,164,58,64,58,64,17,19,17,19,15,15,18,18,17,15,17,15
137,0,1,0,17,17,311,311,312,312,58,58,17,64,17,64,17,19,17,19,15,15,18,18,17,15,17,15
137,0,2,0,17,17,403,403,403,403,58,58,17,64,17,64,17,19,17,19,15,15,18,18,17,15,17,15
138,1,0,0,56,19,56,19,21,21,20,20,22,57,22,57,13,15,13,15,13,13,15,15,15,15,15,15
138,2,0,0,56,19,56,19,21,21,20,20,22,57,22,57,13,15,13,15,13,13,15,15,15,15,15,15
138,3,0,0,56,19,56,19,20,20,19,19,20,57,20,57,13,15,13,15,13,13,15,15,15,15,15,15
138,0,1,0,56,19,293,293,264,264,20,20,22,57,22,57,13,15,13,15,13,13,15,15,15,15,15,15
138,0,2,0,56,19,418,418,399,399,20,20,22,57,22,57,13,15,13,15,13,13,15,15,15,15,15,15
138,0,0,2,118,118,119,119,119,15,10,15,15,15,15,10,15,15,15
138,0,0,3,129,129,129,118,118,10,10,10,10,10,10,10,10,10,10
138,0,0,4,129,118,118,118,118,20,20,20,20,20,20,20,20,20,20
138,0,0,5,118,118,129,119,129,40,40,40,40,40,40,40,40,40,40
139,1,0,0,21,100,21,100,20,20,22,22,20,125,20,125,16,17,16,17,16,16,18,18,18,15,18,15
139,2,0,0,21,100,21,100,20,20,22,22,125,125,125,125,16,17,16,17,16,16,18,18,18,15,18,15
139,3,0,0,195,100,195,100,20,20,195,195,20,125,20,125,16,17,16,17,16,16,18,18,18,15,18,15
139,0,1,0,21,100,293,293,264,264,22,22,20,125,20,125,16,17,16,17,16,16,18,18,18,15,18,15
139,0,2,0,21,100,418,418,399,399,22,22,20,125,20,125,16,17,16,17,16,16,18,18,18,15,18,15
139,0,0,2,118,118,119,119,119,15,10,15,15,15,15,10,15,15,15
139,0,0,3,129,129,129,118,118,10,10,10,10,10,10,10,10,10,10
139,0,0,4,129,118,118,118,118,20,20,20,20,20,20,20,20,20,20
139,0,0,5,118,118,129,119,129,40,40,40,40,40,40,40,40,40,40
140,0,0,0,96,19,96,19,81,81,96,96,97,97,97,97,14,15,14,15,15,15,16,16,16,16,16,16
140,0,1,0,96,19,311,311,312,312,96,96,97,97,97,97,14,15,14,15,15,15,16,16,16,16,16,16
140,0,2,0,96,19,403,403,403,403,96,96,97,97,97,97,14,15,14,15,15,15,16,16,16,16,16,16
141,0,0,2,72,195,73,73,73,25,25,25,25,25,25,25,25,25,25
141,0,0,3,129,129,129,72,72,10,10,10,10,10,10,10,10,10,10
141,0,0,4,129,72,72,72,72,20,20,20,20,20,20,20,20,20,20
141,0,0,5,72,72,129,211,129,40,40,40,40,40,40,40,40,40,40
142,1,0,0,30,33,30,33,17,17,187,187,187,187,187,113,23,23,23,23,25,25,22,22,24,24,24,25
142,2,0,0,30,33,30,33,17,17,187,187,187,187,187,113,23,23,23,23,25,25,22,22,24,24,24,25
142,3,0,0,30,33,30,33,164,164,195,195,195,195,195,113,23,23,23,23,25,25,22,22,24,24,24,25
142,0,1,0,30,33,293,293,264,264,187,187,187,187,187,113,23,23,23,23,25,25,22,22,24,24,24,25
142,0,2,0,30,33,418,418,399,399,187,187,187,187,187,113,23,23,23,23,25,25,22,22,24,24,24,25
142,0,0,2,72,195,73,73,73,25,25,25,25,25,25,25,25,25,25
142,0,0,3,129,129,129,72,72,10,10,10,10,10,10,10,10,10,10
142,0,0,4,129,72,72,72,72,20,20,20,20,20,20,20,20,20,20
142,0,0,5,72,72,129,211,129,40,40,40,40,40,40,40,40,40,40
143,1,0,0,30,33,30,33,17,17,187,187,188,188,188,113,23,23,23,23,25,25,24,24,26,26,26,25
143,2,0,0,30,33,30,33,17,17,187,187,188,188,188,113,23,23,23,23,25,25,24,24,26,26,26,25
143,3,0,0,30,33,30,33,164,164,195,195,195,195,195,113,23,23,23,23,25,25,24,24,26,26,26,25
143,0,1,0,30,33,311,311,312,312,187,187,188,188,188,113,23,23,23,23,25,25,24,24,26,26,26,25
143,0,2,0,30,33,403,403,403,403,187,187,188,188,188,113,23,23,23,23,25,25,24,24,26,26,26,25
144,1,0,0,30,33,30,33,17,17,187,187,187,187,187,113,23,23,23,23,25,25,22,22,24,24,24,25
144,2,0,0,30,33,30,33,17,17,187,187,187,187,187,113,23,23,23,23,25,25,22,22,24,24,24,25
144,3,0,0,30,33,30,33,164,164,195,195,195,195,195,113,23,23,23,23,25,25,22,22,24,24,24,25
144,0,1,0,30,33,311,311,312,312,187,187,187,187,187,113,23,23,23,23,25,25,22,22,24,24,24,25
144,0,2,0,30,33,403,403,403,403,187,187,187,187,187,113,23,23,23,23,25,25,22,22,24,24,24,25
145,1,0,0,88,22,88,22,88,88,22,22,218,89,218,89,26,27,26,27,28,28,29,29,27,30,27,30
145,2,0,0,88,22,88,22,88,88,22,22,218,89,218,89,26,27,26,27,28,28,29,29,27,30,27,30
145,3,0,0,88,88,88,88,88,88,198,198,218,89,218,89,26,27,26,27,28,28,29,29,27,30,27,30
145,0,1,0,88,22,311,311,312,312,22,22,218,89,218,89,26,27,26,27,28,28,29,29,27,30,27,30
145,0,2,0,88,22,403,403,403,403,22,22,218,89,218,89,26,27,26,27,28,28,29,29,27,30,27,30
146,1,0,0,22,88,22,88,88,88,22,22,218,89,218,89,28,27,28,27,29,29,30,30,29,32,29,32
146,2,0,0,22,218,22,218,88,88,22,22,218,89,218,89,28,27,28,27,29,29,30,30,29,32,29,32
146,3,0,0,88,88,88,88,88,88,89,89,218,89,218,89,28,27,28,27,29,29,30,30,29,32,29,32
146,0,1,0,22,88,311,311,312,312,22,22,218,89,218,89,28,27,28,27,29,29,30,30,29,32,29,32
146,0,2,0,22,88,403,403,403,403,22,22,218,89,218,89,28,27,28,27,29,29,30,30,29,32,29,32
147,1,0,0,88,22,88,22,88,88,22,22,218,89,218,89,26,27,26,27,28,28,29,29,27,30,27,30
147,2,0,0,88,22,88,22,88,88,22,22,218,89,218,89,26,27,26,27,28,28,29,29,27,30,27,30
147,3,0,0,88,88,88,88,88,88,89,89,218,89,218,89,26,27,26,27,28,28,29,29,27,30,27,30
147,0,1,0,88,22,311,311,312,312,22,22,218,89,218,89,26,27,26,27,28,28,29,29,27,30,27,30
147,0,2,0,88,22,403,403,403,403,22,22,218,89,218,89,26,27,26,27,28,28,29,29,27,30,27,30
148,0,0,1,99,98,28,24,31,27
148,0,0,2,72,72,73,73,73,35,30,35,35,35,35,30,35,35,35
148,0,0,3,129,129,129,98,98,10,10,10,10,10,10,10,10,10,10
148,0,0,4,129,98,98,222,98,20,20,20,20,20,20,20,20,20,20
148,0,0,5,98,222,98,99,98,40,40,40,40,40,40,40,40,40,40
149,0,0,2,72,72,73,73,73,35,30,35,35,35,35,30,35,35,35
149,0,0,3,129,129,129,72,72,10,10,10,10,10,10,10,10,10,10
149,0,0,4,129,72,170,90,170,20,20,20,20,20,20,20,20,20,20
149,0,0,5,170,90,73,171,73,40,40,40,40,40,40,40,40,40,40
150,1,0,0,114,114,114,114,114,114,114,114,114,122,114,122,30,25,30,25,35,35,20,20,30,28,30,28
150,2,0,0,114,114,114,114,114,114,114,114,122,122,122,122,30,25,30,25,35,35,20,20,30,28,30,28
150,3,0,0,114,114,114,114,114,114,114,114,114,122,114,122,30,25,30,25,35,35,20,20,30,28,30,28
150,0,1,0,114,114,293,293,264,264,114,114,114,122,114,122,30,25,30,25,35,35,20,20,30,28,30,28
150,0,2,0,114,114,418,418,399,399,114,114,114,122,114,122,30,25,30,25,35,35,20,20,30,28,30,28
150,0,0,2,72,72,73,73,73,35,30,35,35,35,35,30,35,35,35
150,0,0,3,129,129,129,72,72,10,10,10,10,10,10,10,10,10,10
150,0,0,4,129,72,170,90,170,20,20,20,20,20,20,20,20,20,20
150,0,0,5,170,90,73,171,73,40,40,40,40,40,40,40,40,40,40
151,1,0,0,19,21,19,21,21,21,84,84,77,22,77,22,3,3,3,3,5,5,4,4,6,7,6,7
151,2,0,0,19,21,19,21,21,21,84,84,77,22,77,22,3,3,3,3,5,5,4,4,6,7,6,7
151,3,0,0,19,19,19,19,19,19,19,19,77,19,77,19,3,3,3,3,5,5,4,4,6,7,6,7
151,0,1,0,19,21,293,293,264,264,84,84,77,22,77,22,3,3,3,3,5,5,4,4,6,7,6,7
151,0,2,0,19,21,418,418,399,399,84,84,77,22,77,22,3,3,3,3,5,5,4,4,6,7,6,7
151,0,0,2,60,60,61,61,61,10,5,10,10,10,10,5,10,10,10
151,0,0,3,129,129,129,60,60,10,10,10,10,10,10,10,10,10,10
151,0,0,4,129,60,60,60,60,20,20,20,20,20,20,20,20,20,20
151,0,0,5,60,60,129,60,129,40,40,40,40,40,40,40,40,40,40
152,1,0,0,69,69,69,69,63,63,70,70,48,70,48,70,8,10,8,10,9,9,12,12,8,14,8,14
152,2,0,0,69,191,69,191,63,63,70,70,69,70,69,70,8,10,8,10,9,9,12,12,8,14,8,14
152,3,0,0,48,43,48,43,63,63,70,70,69,49,69,49,8,10,8,10,9,9,12,12,8,14,8,14
152,0,1,0,69,69,293,293,264,264,70,70,48,70,48,70,8,10,8,10,9,9,12,12,8,14,8,14
152,0,2,0,69,69,418,418,399,399,70,70,48,70,48,70,8,10,8,10,9,9,12,12,8,14,8,14
152,0,0,2,118,118,119,119,119,10,5,10,10,10,10,5,10,10,10
152,0,0,3,129,129,129,118,118,10,10,10,10,10,10,10,10,10,10
152,0,0,4,129,118,118,118,118,20,20,20,20,20,20,20,20,20,20
152,0,0,5,118,118,129,119,129,40,40,40,40,40,40,40,40,40,40
153,1,0,0,16,69,16,69,48,48,63,63,17,70,17,70,8,10,8,10,8,8,9,9,10,14,10,14
153,2,0,0,16,69,16,69,16,16,63,63,17,70,17,70,8,10,8,10,8,8,9,9,10,14,10,14
153,3,0,0,48,43,48,43,49,49,63,63,70,69,70,69,8,10,8,10,8,8,9,9,10,14,10,14
153,0,1,0,16,69,293,293,264,264,63,63,17,70,17,70,8,10,8,10,8,8,9,9,10,14,10,14
153,0,2,0,16,69,418,418,399,399,63,63,17,70,17,70,8,10,8,10,8,8,9,9,10,14,10,14
153,0,0,2,118,118,119,119,119,10,5,10,10,10,10,5,10,10,10
153,0,0,3,129,129,129,118,118,10,10,10,10,10,10,10,10,10,10
153,0,0,4,129,118,118,118,118,20,20,20,20,20,20,20,20,20,20
153,0,0,5,118,118,129,119,129,40,40,40,40,40,40,40,40,40,40
154,1,0,0,84,28,84,28,77,77,84,84,20,85,20,85,28,28,28,28,32,32,30,30,30,30,30,30
154,2,0,0,84,28,84,28,77,77,84,84,20,85,20,85,28,28,28,28,32,32,30,30,30,30,30,30
154,3,0,0,20,28,20,28,77,77,20,20,195,195,195,195,28,28,28,28,32,32,30,30,30,30,30,30
154,0,1,0,84,28,293,293,264,264,84,84,20,85,20,85,28,28,28,28,32,32,30,30,30,30,30,30
154,0,2,0,84,28,418,418,399,399,84,84,20,85,20,85,28,28,28,28,32,32,30,30,30,30,30,30
154,0,0,2,72,72,73,73,73,30,25,30,30,30,30,25,30,30,30
154,0,0,3,129,129,129,72,72,10,10,10,10,10,10,10,10,10,10
154,0,0,4,129,72,170,90,170,20,20,20,20,20,20,20,20,20,20
154,0,0,5,170,90,73,171,73,40,40,40,40,40,40,40,40,40,40
155,1,0,0,84,20,84,20,84,84,20,20,77,28,77,28,28,28,28,28,30,30,30,30,32,30,32,30
155,2,0,0,84,20,84,20,84,84,20,20,77,28,77,28,28,28,28,28,30,30,30,30,32,30,32,30
155,3,0,0,195,20,195,20,195,195,20,20,77,28,77,28,28,28,28,28,30,30,30,30,32,30,32,30
155,0,1,0,84,20,293,293,264,264,20,20,77,28,77,28,28,28,28,28,30,30,30,30,32,30,32,30
155,0,2,0,84,20,418,418,399,399,20,20,77,28,77,28,28,28,28,28,30,30,30,30,32,30,32,30
155,0,0,2,72,72,73,73,73,20,15,20,20,20,20,15,20,20,20
155,0,0,3,129,129,129,72,72,10,10,10,10,10,10,10,10,10,10
155,0,0,4,129,72,170,90,170,20,20,20,20,20,20,20,20,20,20
155,0,0,5,170,90,73,171,73,40,40,40,40,40,40,40,40,40,40
156,1,0,0,114,77,114,77,232,232,78,78,84,85,84,85,39,40,39,40,40,40,42,42,41,43,41,43
156,2,0,0,114,77,114,77,232,232,78,78,84,85,84,85,39,40,39,40,40,40,42,42,41,43,41,43
156,3,0,0,114,77,114,77,232,232,215,215,78,78,78,78,39,40,39,40,40,40,42,42,41,43,41,43
156,0,1,0,114,77,293,293,264,264,78,78,84,85,84,85,39,40,39,40,40,40,42,42,41,43,41,43
156,0,2,0,114,77,418,418,399,399,78,78,84,85,84,85,39,40,39,40,40,40,42,42,41,43,41,43
156,0,0,2,60,60,61,61,61,40,35,40,40,40,40,35,40,40,40
156,0,0,3,129,129,129,60,60,10,10,10,10,10,10,10,10,10,10
156,0,0,4,129,60,60,60,60,20,20,20,20,20,20,20,20,20,20
156,0,0,5,60,60,129,60,129,40,40,40,40,40,40,40,40,40,40
157,1,0,0,16,161,16,161,16,16,161,161,19,16,19,16,2,3,2,3,3,3,2,2,4,4,4,4
157,2,0,0,16,161,16,161,16,16,161,161,19,16,19,16,2,3,2,3,3,3,2,2,4,4,4,4
157,3,0,0,163,163,163,163,163,163,19,19,19,163,19,163,2,3,2,3,3,3,2,2,4,4,4,4
157,0,1,0,16,161,311,311,312,312,161,161,19,16,19,16,2,3,2,3,3,3,2,2,4,4,4,4
157,0,2,0,16,161,403,403,403,403,161,161,19,16,19,16,2,3,2,3,3,3,2,2,4,4,4,4
158,1,0,0,16,10,16,10,10,10,11,11,16,16,16,16,2,3,2,3,4,4,4,4,4,4,4,4
158,2,0,0,16,10,16,10,16,16,11,11,10,11,10,11,2,3,2,3,4,4,4,4,4,4,4,4
158,3,0,0,167,19,167,19,163,163,19,19,163,163,163,163,2,3,2,3,4,4,4,4,4,4,4,4
158,0,1,0,16,10,293,293,264,264,11,11,16,16,16,16,2,3,2,3,4,4,4,4,4,4,4,4
158,0,2,0,16,10,418,418,399,399,11,11,16,16,16,16,2,3,2,3,4,4,4,4,4,4,4,4
158,0,0,2,60,60,61,61,61,15,10,15,15,32,25,20,25,25,32
158,0,0,3,129,129,129,60,60,10,10,10,10,10,10,10,10,10,10
158,0,0,4,129,60,60,60,60,20,20,20,20,20,20,20,20,20,20
158,0,0,5,60,60,129,60,129,40,40,40,40,40,40,40,40,40,40
159,1,0,0,16,10,16,10,69,69,11,11,10,11,10,11,3,4,3,4,3,3,5,5,5,5,5,5
159,2,0,0,16,10,16,10,69,69,11,11,10,11,10,11,3,4,3,4,3,3,5,5,5,5,5,5
159,3,0,0,167,19,167,19,69,69,19,19,163,163,163,163,3,4,3,4,3,3,5,5,5,5,5,5
159,0,1,0,16,10,293,293,264,264,11,11,10,11,10,11,3,4,3,4,3,3,5,5,5,5,5,5
159,0,2,0,16,10,418,418,399,399,11,11,10,11,10,11,3,4,3,4,3,3,5,5,5,5,5,5
159,0,0,2,60,60,61,61,61,15,10,15,15,32,25,20,25,25,32
159,0,0,3,129,129,129,60,60,10,10,10,10,10,10,10,10,10,10
159,0,0,4,129,60,60,60,60,20,20,20,20,20,20,20,20,20,20
159,0,0,5,60,60,129,60,129,40,40,40,40,40,40,40,40,40,40
160,1,0,0,69,19,69,19,179,179,187,187,19,41,19,41,6,4,6,4,6,6,6,6,6,4,6,4
160,2,0,0,69,19,69,19,179,179,187,187,19,19,19,19,6,4,6,4,6,6,6,6,6,4,6,4
160,3,0,0,194,19,194,19,69,69,179,179,194,41,194,41,6,4,6,4,6,6,6,6,6,4,6,4
160,0,1,0,69,19,293,293,264,264,187,187,19,41,19,41,6,4,6,4,6,6,6,6,6,4,6,4
160,0,2,0,69,19,418,418,399,399,187,187,19,41,19,41,6,4,6,4,6,6,6,6,6,4,6,4
160,0,0,2,72,195,73,73,73,10,15,15,15,36,20,25,25,25,36
160,0,0,3,129,129,129,72,72,10,10,10,10,10,10,10,10,10,10
160,0,0,4,129,72,72,72,211,20,20,20,20,20,20,20,20,20,20
160,0,0,5,72,72,129,211,129,40,40,40,40,40,40,40,40,40,40
161,1,0,0,187,19,187,19,21,21,19,19,187,41,187,41,6,7,6,7,6,6,6,6,8,4,8,4
161,2,0,0,187,19,187,19,21,21,19,19,187,19,187,19,6,7,6,7,6,6,6,6,8,4,8,4
161,3,0,0,41,19,41,19,19,19,19,19,41,41,41,41,6,7,6,7,6,6,6,6,8,4,8,4
161,0,1,0,187,19,311,311,312,312,19,19,187,41,187,41,6,7,6,7,6,6,6,6,8,4,8,4
161,0,2,0,187,19,403,403,403,403,19,19,187,41,187,41,6,7,6,7,6,6,6,6,8,4,8,4
162,0,0,0,96,19,96,19,96,96,63,63,19,132,19,132,10,11,10,11,12,12,10,10,13,10,13,10
162,0,1,0,96,19,293,293,264,264,63,63,19,132,19,132,10,11,10,11,12,12,10,10,13,10,13,10
162,0,2,0,96,19,418,418,399,399,63,63,19,132,19,132,10,11,10,11,12,12,10,10,13,10,13,10
162,0,0,2,72,72,73,73,73,15,10,15,15,29,25,20,25,25,29
162,0,0,3,129,129,129,98,98,10,10,10,10,10,10,10,10,10,10
162,0,0,4,129,98,98,222,98,20,20,20,20,20,20,20,20,20,20
162,0,0,5,98,222,98,99,98,40,40,40,40,40,40,40,40,40,40
163,1,0,0,32,29,32,29,96,96,63,63,16,132,16,193,12,12,12,12,14,14,10,10,14,10,14,12
163,2,0,0,32,29,32,29,96,96,63,63,16,132,16,193,12,12,12,12,14,14,10,10,14,10,14,12
163,3,0,0,32,29,32,29,96,96,63,63,163,132,163,193,12,12,12,12,14,14,10,10,14,10,14,12
163,0,1,0,32,29,293,293,264,264,63,63,16,132,16,193,12,12,12,12,14,14,10,10,14,10,14,12
163,0,2,0,32,29,418,418,399,399,63,63,16,132,16,193,12,12,12,12,14,14,10,10,14,10,14,12
163,0,0,2,54,54,55,55,55,15,10,15,15,31,25,20,25,25,31
163,0,0,3,129,129,129,60,60,10,10,10,10,10,10,10,10,10,10
163,0,0,4,129,60,60,60,60,20,20,20,20,20,20,20,20,20,20
163,0,0,5,60,60,129,60,129,40,40,40,40,40,40,40,40,40,40
164,1,0,0,32,29,32,29,16,16,58,58,234,16,234,16,12,12,12,12,13,13,13,13,13,15,13,15
164,2,0,0,32,29,32,29,16,16,58,58,234,58,234,58,12,12,12,12,13,13,13,13,13,15,13,15
164,3,0,0,32,29,32,29,163,163,58,58,234,163,234,163,12,12,12,12,13,13,13,13,13,15,13,15
164,0,1,0,32,29,311,311,312,312,58,58,234,16,234,16,12,12,12,12,13,13,13,13,13,15,13,15
164,0,2,0,32,29,403,403,403,403,58,58,234,16,234,16,12,12,12,12,13,13,13,13,13,15,13,15
165,1,0,0,16,234,16,234,16,16,58,58,16,16,16,16,13,15,13,15,15,15,14,14,15,15,15,15
165,2,0,0,16,234,16,234,16,16,58,58,17,58,17,58,13,15,13,15,15,15,14,14,15,15,15,15
165,3,0,0,167,234,167,234,163,163,58,58,167,167,167,167,13,15,13,15,15,15,14,14,15,15,15,15
165,0,1,0,16,234,311,311,312,312,58,58,16,16,16,16,13,15,13,15,15,15,14,14,15,15,15,15
165,0,2,0,16,234,403,403,403,403,58,58,16,16,16,16,13,15,13,15,15,15,14,14,15,15,15,15
166,1,0,0,19,20,19,20,81,81,83,83,241,128,241,209,16,16,16,16,16,16,16,16,13,13,13,13
166,2,0,0,19,20,19,20,81,81,83,83,241,128,241,209,16,16,16,16,16,16,16,16,13,13,13,13
166,3,0,0,19,20,19,20,81,81,19,19,241,128,241,209,16,16,16,16,16,16,16,16,13,13,13,13
166,0,1,0,19,20,311,311,312,312,83,83,241,128,241,209,16,16,16,16,16,16,16,16,13,13,13,13
166,0,2,0,19,20,403,403,403,403,83,83,241,128,241,209,16,16,16,16,16,16,16,16,13,13,13,13
167,1,0,0,19,20,19,20,81,81,83,83,241,128,241,128,16,17,16,17,16,16,16,16,15,15,15,15
167,2,0,0,19,20,19,20,81,81,83,83,241,128,241,128,16,17,16,17,16,16,16,16,15,15,15,15
167,3,0,0,19,20,19,20,81,81,19,19,241,128,241,128,16,17,16,17,16,16,16,16,15,15,15,15
167,0,1,0,19,20,311,311,312,312,83,83,241,128,241,128,16,17,16,17,16,16,16,16,15,15,15,15
167,0,2,0,19,20,403,403,403,403,83,83,241,128,241,128,16,17,16,17,16,16,16,16,15,15,15,15
168,0,0,2,72,72,73,73,73,15,10,15,15,15,25,20,25,25,25
168,0,0,3,129,129,129,98,98,10,10,10,10,10,10,10,10,10,10
168,0,0,4,129,98,98,222,98,20,20,20,20,20,20,20,20,20,20
168,0,0,5,98,222,98,99,98,40,40,40,40,40,40,40,40,40,40
169,0,0,2,72,73,226,226,226,15,15,15,15,15,25,25,25,25,25
169,0,0,3,129,129,129,72,72,10,10,10,10,10,10,10,10,10,10
169,0,0,4,129,72,170,90,170,20,20,20,20,20,20,20,20,20,20
169,0,0,5,170,90,73,171,73,40,40,40,40,40,40,40,40,40,40
170,1,0,0,56,179,56,179,21,21,21,21,180,180,180,180,15,13,15,13,14,14,16,16,15,17,15,17
170,2,0,0,56,179,56,179,21,21,21,21,180,180,180,180,15,13,15,13,14,14,16,16,15,17,15,17
170,3,0,0,56,179,56,179,41,41,41,41,180,180,180,180,15,13,15,13,14,14,16,16,15,17,15,17
170,0,1,0,56,179,293,293,264,264,21,21,180,180,180,180,15,13,15,13,14,14,16,16,15,17,15,17
170,0,2,0,56,179,418,418,399,399,21,21,180,180,180,180,15,13,15,13,14,14,16,16,15,17,15,17
170,0,0,2,118,118,119,119,119,15,10,15,15,15,25,20,25,25,25
170,0,0,3,129,129,129,118,118,10,10,10,10,10,10,10,10,10,10
170,0,0,4,129,118,118,118,118,20,20,20,20,20,20,20,20,20,20
170,0,0,5,118,118,129,119,129,40,40,40,40,40,40,40,40,40,40
171,1,0,0,180,203,180,203,17,17,179,179,48,17,48,17,15,15,15,15,17,17,15,15,16,17,16,17
171,2,0,0,180,203,180,203,17,17,179,179,180,180,180,180,15,15,15,15,17,17,15,15,16,17,16,17
171,3,0,0,180,203,180,203,164,164,48,48,179,48,179,48,15,15,15,15,17,17,15,15,16,17,16,17
171,0,1,0,180,203,293,293,264,264,179,179,48,17,48,17,15,15,15,15,17,17,15,15,16,17,16,17
171,0,2,0,180,203,418,418,399,399,179,179,48,17,48,17,15,15,15,15,17,17,15,15,16,17,16,17
171,0,0,2,129,129,129,129,129,15,10,5,5,50,25,20,15,15,50
171,0,0,3,129,129,129,60,60,10,10,10,10,10,10,10,10,10,10
171,0,0,4,129,60,60,60,60,20,20,20,20,20,20,20,20,20,20
171,0,0,5,60,60,129,60,129,40,40,40,40,40,40,40,40,40,40
172,0,0,0,114,70,114,70,69,69,108,108,70,108,70,108,23,22,23,22,22,22,24,24,24,26,24,26
172,0,1,0,114,70,293,293,264,264,108,108,70,108,70,108,23,22,23,22,22,22,24,24,24,26,24,26
172,0,2,0,114,70,418,418,399,399,108,108,70,108,70,108,23,22,23,22,22,22,24,24,24,26,24,26
172,0,0,2,60,60,61,61,61,20,15,20,20,20,30,25,30,30,30
172,0,0,3,129,129,129,60,60,10,10,10,10,10,10,10,10,10,10
172,0,0,4,129,60,60,60,223,20,20,20,20,20,20,20,20,20,20
172,0,0,5,60,60,129,223,129,40,40,40,40,40,40,40,40,40,40
173,0,0,0,74,75,74,75,207,207,231,231,75,75,75,75,23,23,23,23,24,24,20,20,25,27,25,27
173,0,1,0,74,75,293,293,264,264,231,231,75,75,75,75,23,23,23,23,24,24,20,20,25,27,25,27
173,0,2,0,74,75,418,418,399,399,231,231,75,75,75,75,23,23,23,23,24,24,20,20,25,27,25,27
173,0,0,2,129,129,129,129,129,15,10,2,2,2,25,20,10,10,10
173,0,0,3,129,129,129,60,60,10,10,10,10,10,10,10,10,10,10
173,0,0,4,129,60,60,60,60,20,20,20,20,20,20,20,20,20,20
173,0,0,5,60,60,129,60,129,40,40,40,40,40,40,40,40,40,40
174,1,0,0,74,21,74,21,19,19,74,74,21,19,21,19,3,2,3,2,2,2,2,2,3,4,3,4
174,2,0,0,74,21,74,21,19,19,74,74,21,19,21,19,3,2,3,2,2,2,2,2,3,4,3,4
174,3,0,0,74,19,74,19,19,19,74,74,74,19,74,19,3,2,3,2,2,2,2,2,3,4,3,4
174,0,1,0,74,21,311,311,312,312,74,74,21,19,21,19,3,2,3,2,2,2,2,2,3,4,3,4
174,0,2,0,74,21,403,403,403,403,74,74,21,19,21,19,3,2,3,2,2,2,2,2,3,4,3,4
175,1,0,0,83,241,132,132,132,132,44,21,22,20,20,132,35,35,34,33,32,31,32,31,34,31,33,40
175,2,0,0,83,241,132,132,132,132,44,21,22,20,20,132,35,35,34,33,32,31,32,31,34,31,33,40
175,3,0,0,164,241,132,132,132,132,44,21,22,20,20,132,35,35,34,33,32,31,32,31,34,31,33,40
175,0,1,0,83,241,293,293,264,264,44,21,22,20,20,132,35,35,34,33,32,31,32,31,34,31,33,40
175,0,2,0,83,241,418,418,399,399,44,21,22,20,20,132,35,35,34,33,32,31,32,31,34,31,33,40
175,0,0,2,72,86,120,120,120,15,10,15,15,15,25,20,25,25,25
175,0,0,3,129,129,129,72,72,10,10,10,10,10,10,10,10,10,10
175,0,0,4,129,72,170,90,170,20,20,20,20,20,20,20,20,20,20
175,0,0,5,170,90,73,171,73,40,40,40,40,40,40,40,40,40,40
176,1,0,0,83,128,187,22,44,44,58,203,50,58,187,128,25,20,20,21,22,24,21,20,20,22,22,24
176,2,0,0,83,128,187,22,44,44,58,203,50,58,187,128,25,20,20,21,22,24,21,20,20,22,22,24
176,3,0,0,58,128,187,22,44,44,58,203,50,58,187,128,25,20,20,21,22,24,21,20,20,22,22,24
176,0,1,0,83,128,311,311,312,312,58,203,50,58,187,128,25,20,20,21,22,24,21,20,20,22,22,24
176,0,2,0,83,128,403,403,403,403,58,203,50,58,187,128,25,20,20,21,22,24,21,20,20,22,22,24
177,0,0,0,50,50,50,50,50,50,50,50,51,51,51,51,15,17,15,17,19,19,13,13,19,24,19,29
177,0,1,0,50,50,359,359,296,296,50,50,51,51,51,51,15,17,15,17,19,19,13,13,19,24,19,29
177,0,2,0,50,50,436,436,433,433,50,50,51,51,51,51,15,17,15,17,19,19,13,13,19,24,19,29
178,0,0,0,41,74,41,74,27,27,46,46,28,35,28,35,6,8,6,8,8,8,12,12,10,8,10,8
178,0,1,0,41,74,359,359,296,296,46,46,28,35,28,35,6,8,6,8,8,8,12,12,10,8,10,8
178,0,2,0,41,74,436,436,433,433,46,46,28,35,28,35,6,8,6,8,8,8,12,12,10,8,10,8
178,0,0,2,60,129,129,129,129,35,30,35,35,35,35,30,35,35,35
178,0,0,3,129,129,129,129,129,10,10,10,10,10,10,10,10,10,10
178,0,0,4,129,129,60,60,60,20,20,20,20,20,20,20,20,20,20
178,0,0,5,60,60,60,60,60,40,40,40,40,40,40,40,40,40,40
179,0,0,2,60,60,60,60,60,35,30,35,35,35,35,30,35,35,35
179,0,0,3,60,60,60,129,60,10,10,10,10,10,10,10,10,10,10
179,0,0,4,60,60,60,129,60,20,20,20,20,20,20,20,20,20,20
179,0,0,5,60,60,60,129,60,40,40,40,40,40,40,40,40,40,40
180,1,0,0,67,47,42,57,82,132,101,202,57,67,82,132,39,38,38,38,40,39,40,37,39,40,39,40
180,2,0,0,67,47,42,57,82,132,101,202,57,67,82,132,39,38,38,38,40,39,40,37,39,40,39,40
180,3,0,0,42,42,42,47,82,132,101,202,57,67,67,67,39,38,38,38,40,39,40,37,39,40,39,40
180,0,1,0,67,47,359,359,296,296,101,202,57,67,82,132,39,38,38,38,40,39,40,37,39,40,39,40
180,0,2,0,67,47,436,436,433,433,101,202,57,67,82,132,39,38,38,38,40,39,40,37,39,40,39,40
180,0,0,1,74,75,22,26,24,30
180,0,0,2,54,54,55,55,55,40,35,40,40,40,40,35,40,40,40
180,0,0,3,129,129,129,129,129,10,10,10,10,10,10,10,10,10,10
180,0,0,4,60,118,129,118,60,20,20,20,20,20,20,20,20,20,20
180,0,0,5,60,61,130,130,130,40,40,40,40,40,40,40,40,40,40
181,1,0,0,64,47,42,67,82,132,101,202,67,67,67,67,42,40,41,39,41,42,41,42,41,42,41,42
181,2,0,0,64,47,42,67,82,132,101,202,67,67,67,67,42,40,41,39,41,42,41,42,41,42,41,42
181,3,0,0,64,47,42,67,82,132,101,202,42,42,42,42,42,40,41,39,41,42,41,42,41,42,41,42
181,0,1,0,64,47,359,359,296,296,101,202,67,67,67,67,42,40,41,39,41,42,41,42,41,42,41,42
181,0,2,0,64,47,436,436,433,433,101,202,67,67,67,67,42,40,41,39,41,42,41,42,41,42,41,42
181,0,0,2,54,54,55,55,55,40,35,40,40,40,40,35,40,40,40
181,0,0,3,129,129,129,129,129,10,10,10,10,10,10,10,10,10,10
181,0,0,4,60,118,129,118,60,20,20,20,20,20,20,20,20,20,20
181,0,0,5,60,61,130,130,130,40,40,40,40,40,40,40,40,40,40
182,0,0,0,64,47,42,67,82,132,101,82,47,202,47,202,46,45,47,45,45,45,46,47,47,49,47,49
182,0,1,0,64,47,359,359,296,296,101,82,47,202,47,202,46,45,47,45,45,45,46,47,47,49,47,49
182,0,2,0,64,47,436,436,433,433,101,82,47,202,47,202,46,45,47,45,45,45,46,47,47,49,47,49
182,0,0,1,74,75,22,26,24,30
182,0,0,2,54,54,55,55,55,40,35,40,40,40,40,35,40,40,40
182,0,0,3,129,129,129,129,129,10,10,10,10,10,10,10,10,10,10
182,0,0,4,60,118,129,118,60,20,20,20,20,20,20,20,20,20,20
182,0,0,5,60,61,130,130,130,40,40,40,40,40,40,40,40,40,40
183,0,0,0,104,74,104,74,66,66,41,41,67,104,67,104,10,10,10,10,12,12,8,8,14,13,14,13
183,0,1,0,104,74,359,359,296,296,41,41,67,104,67,104,10,10,10,10,12,12,8,8,14,13,14,13
183,0,2,0,104,74,436,436,433,433,41,41,67,104,67,104,10,10,10,10,12,12,8,8,14,13,14,13
184,0,0,0,104,74,104,74,95,95,41,41,105,115,105,115,12,12,12,12,16,16,10,10,14,14,14,14
184,0,1,0,104,74,359,359,296,296,41,41,105,115,105,115,12,12,12,12,16,16,10,10,14,14,14,14
184,0,2,0,104,74,436,436,433,433,41,41,105,115,105,115,12,12,12,12,16,16,10,10,14,14,14,14
184,0,0,1,74,74,12,17,16,21
185,0,0,0,41,42,54,54,42,55,41,41,54,54,54,54,28,32,28,29,30,32,27,26,27,26,27,26
185,0,1,0,41,42,359,359,296,296,41,41,54,54,54,54,28,32,28,29,30,32,27,26,27,26,27,26
185,0,2,0,41,42,436,436,433,433,41,41,54,54,54,54,28,32,28,29,30,32,27,26,27,26,27,26
186,0,0,0,86,42,54,86,42,55,41,41,55,54,54,54,32,34,28,34,32,34,29,28,32,28,27,26
186,0,1,0,86,42,359,359,296,296,41,41,55,54,54,54,32,34,28,34,32,34,29,28,32,28,27,26
186,0,2,0,86,42,436,436,433,433,41,41,55,54,54,54,32,34,28,34,32,34,29,28,32,28,27,26
187,0,0,0,86,42,54,86,42,55,41,41,55,54,54,54,33,35,30,35,33,35,30,29,33,29,28,27
187,0,1,0,86,42,359,359,296,296,41,41,55,54,54,54,33,35,30,35,33,35,30,29,33,29,28,27
187,0,2,0,86,42,436,436,433,433,41,41,55,54,54,54,33,35,30,35,33,35,30,29,33,29,28,27
188,0,0,0,87,42,54,86,42,55,41,41,55,87,54,54,35,36,32,34,34,36,32,31,34,36,32,31
188,0,1,0,87,42,359,359,296,296,41,41,55,87,54,54,35,36,32,34,34,36,32,31,34,36,32,31
188,0,2,0,87,42,436,436,433,433,41,41,55,87,54,54,35,36,32,34,34,36,32,31,34,36,32,31
189,0,0,0,87,42,54,86,124,55,42,42,55,87,124,124,37,40,34,34,38,38,39,38,37,38,40,40
189,0,1,0,87,42,359,359,296,296,42,42,55,87,124,124,37,40,34,34,38,38,39,38,37,38,40,40
189,0,2,0,87,42,436,436,433,433,42,42,55,87,124,124,37,40,34,34,38,38,39,38,37,38,40,40
189,0,0,2,86,116,80,80,80,30,30,35,50,35,40,40,45,50,45
189,0,0,3,129,129,129,98,98,10,10,10,10,10,10,10,10,10,10
189,0,0,4,129,54,98,116,98,20,20,20,20,20,20,20,20,20,20
189,0,0,5,130,116,99,117,117,40,40,40,40,40,40,40,40,40,40
190,1,0,0,19,19,19,19,19,19,19,19,19,19,19,19,3,4,3,4,5,5,3,3,6,5,6,5
190,2,0,0,19,19,19,19,19,19,19,19,19,19,19,19,3,4,3,4,5,5,3,3,6,5,6,5
190,3,0,0,92,92,92,92,92,92,19,19,92,19,92,19,3,4,3,4,5,5,3,3,6,5,6,5
190,0,1,0,19,19,263,263,327,327,19,19,19,19,19,19,3,4,3,4,5,5,3,3,6,5,6,5
190,0,2,0,19,19,441,441,307,307,19,19,19,19,19,19,3,4,3,4,5,5,3,3,6,5,6,5
191,1,0,0,19,19,19,19,19,19,19,19,19,19,19,19,20,21,20,21,22,22,22,22,23,24,23,24
191,2,0,0,19,19,19,19,19,19,19,19,19,19,19,19,20,21,20,21,22,22,22,22,23,24,23,24
191,3,0,0,92,92,92,92,92,92,19,19,19,19,19,19,20,21,20,21,22,22,22,22,23,24,23,24
191,0,1,0,19,19,263,263,327,327,19,19,19,19,19,19,20,21,20,21,22,22,22,22,23,24,23,24
191,0,2,0,19,19,441,441,307,307,19,19,19,19,19,19,20,21,20,21,22,22,22,22,23,24,23,24
192,0,0,0,19,109,19,109,19,19,41,41,109,20,109,20,13,14,13,14,15,15,14,14,16,15,16,15
192,0,1,0,19,109,263,263,327,327,41,41,109,20,109,20,13,14,13,14,15,15,14,14,16,15,16,15
192,0,2,0,19,109,441,441,307,307,41,41,109,20,109,20,13,14,13,14,15,15,14,14,16,15,16,15
193,1,0,0,19,109,19,109,109,109,19,19,41,126,41,126,14,14,14,14,16,16,16,16,15,14,15,14
193,2,0,0,19,109,19,109,109,109,126,126,41,19,41,19,14,14,14,14,16,16,16,16,15,14,15,14
193,3,0,0,19,109,19,109,109,109,19,19,41,126,41,126,14,14,14,14,16,16,16,16,15,14,15,14
193,0,1,0,19,109,263,263,327,327,19,19,41,126,41,126,14,14,14,14,16,16,16,16,15,14,15,14
193,0,2,0,19,109,441,441,307,307,19,19,41,126,41,126,14,14,14,14,16,16,16,16,15,14,15,14
194,1,0,0,10,11,10,11,10,10,16,16,16,16,16,16,10,10,10,10,12,12,12,12,10,14,10,14
194,2,0,0,10,11,10,11,191,191,16,16,191,16,191,16,10,10,10,10,12,12,12,12,10,14,10,14
194,3,0,0,163,163,163,163,163,163,163,163,163,163,163,163,10,10,10,10,12,12,12,12,10,14,10,14
194,0,1,0,10,11,311,311,312,312,16,16,16,16,16,16,10,10,10,10,12,12,12,12,10,14,10,14
194,0,2,0,10,11,403,403,403,403,16,16,16,16,16,16,10,10,10,10,12,12,12,12,10,14,10,14
195,0,0,0,177,177,177,177,177,177,177,177,235,235,235,235,20,22,20,22,18,18,24,24,20,22,20,22
195,0,1,0,177,177,293,293,264,264,177,177,235,235,235,235,20,22,20,22,18,18,24,24,20,22,20,22
195,0,2,0,177,177,418,418,399,399,177,177,235,235,235,235,20,22,20,22,18,18,24,24,20,22,20,22
195,0,0,1,74,74,8,3,14,6
195,0,0,2,194,195,195,195,195,10,15,10,10,10,20,25,20,20,20
195,0,0,3,129,129,129,60,60,10,10,10,10,10,10,10,10,10,10
195,0,0,4,129,60,60,60,60,20,20,20,20,20,20,20,20,20,20
195,0,0,5,60,60,129,60,129,40,40,40,40,40,40,40,40,40,40
196,0,0,0,201,201,201,201,201,201,201,201,201,201,201,201,5,5,5,5,5,5,5,5,5,5,5,5
197,0,0,0,74,27,74,27,41,41,19,19,41,95,41,95,6,6,6,6,5,5,4,4,7,6,7,6
197,0,1,0,74,27,359,359,296,296,19,19,41,95,41,95,6,6,6,6,5,5,4,4,7,6,7,6
197,0,2,0,74,27,436,436,433,433,19,19,41,95,41,95,6,6,6,6,5,5,4,4,7,6,7,6
197,0,0,2,194,195,195,195,195,10,15,10,10,10,20,25,20,20,20
197,0,0,3,129,129,129,118,118,10,10,10,10,10,10,10,10,10,10
197,0,0,4,129,118,118,118,118,20,20,20,20,20,20,20,20,20,20
197,0,0,5,118,118,129,119,129,40,40,40,40,40,40,40,40,40,40
198,0,0,0,74,27,74,27,41,41,95,95,41,19,41,19,8,8,8,8,7,7,8,8,9,6,9,6
198,0,1,0,74,27,359,359,296,296,95,95,41,19,41,19,8,8,8,8,7,7,8,8,9,6,9,6
198,0,2,0,74,27,436,436,433,433,95,95,41,19,41,19,8,8,8,8,7,7,8,8,9,6,9,6
198,0,0,2,194,195,195,195,195,10,15,10,10,10,20,25,20,20,20
198,0,0,3,129,129,129,118,118,10,10,10,10,10,10,10,10,10,10
198,0,0,4,129,118,118,118,118,20,20,20,20,20,20,20,20,20,20
198,0,0,5,118,118,129,119,129,40,40,40,40,40,40,40,40,40,40
199,0,0,0,41,20,41,20,42,42,74,74,19,95,19,95,22,22,22,22,22,22,21,21,20,23,20,23
199,0,1,0,41,20,359,359,296,296,74,74,19,95,19,95,22,22,22,22,22,22,21,21,20,23,20,23
199,0,2,0,41,20,436,436,433,433,74,74,19,95,19,95,22,22,22,22,22,22,21,21,20,23,20,23
199,0,0,2,72,195,73,73,73,10,15,15,15,15,20,25,25,25,25
199,0,0,3,129,129,129,98,98,10,10,10,10,10,10,10,10,10,10
199,0,0,4,129,98,98,222,98,20,20,20,20,20,20,20,20,20,20
199,0,0,5,98,222,98,99,98,40,40,40,40,40,40,40,40,40,40
200,0,0,0,41,41,41,41,41,41,79,79,41,79,41,79,5,6,5,6,7,7,6,6,8,8,8,8
200,0,1,0,41,41,359,359,296,296,79,79,41,79,41,79,5,6,5,6,7,7,6,6,8,8,8,8
200,0,2,0,41,41,436,436,433,433,79,79,41,79,41,79,5,6,5,6,7,7,6,6,8,8,8,8
200,0,0,2,79,79,79,79,79,10,15,5,5,5,20,25,15,15,15
200,0,0,3,129,129,129,118,118,10,10,10,10,10,10,10,10,10,10
200,0,0,4,129,118,118,118,118,20,20,20,20,20,20,20,20,20,20
200,0,0,5,118,118,129,119,129,40,40,40,40,40,40,40,40,40,40
201,0,0,0,41,41,41,41,41,41,79,79,42,79,42,79,21,23,21,23,19,19,21,21,23,23,23,23
201,0,1,0,41,41,359,359,296,296,79,79,42,79,42,79,21,23,21,23,19,19,21,21,23,23,23,23
201,0,2,0,41,41,436,436,433,433,79,79,42,79,42,79,21,23,21,23,19,19,21,21,23,23,23,23
201,0,0,2,79,79,80,80,80,10,15,15,15,30,20,25,25,25,30
201,0,0,3,129,129,129,118,118,10,10,10,10,10,10,10,10,10,10
201,0,0,4,129,118,118,118,118,20,20,20,20,20,20,20,20,20,20
201,0,0,5,118,118,129,119,129,40,40,40,40,40,40,40,40,40,40
202,1,0,0,10,11,10,11,10,10,46,46,41,46,41,46,5,6,5,6,6,6,5,5,5,6,5,6
202,2,0,0,10,10,10,10,11,11,11,11,41,46,41,46,5,6,5,6,6,6,5,5,5,6,5,6
202,3,0,0,43,43,43,43,41,41,46,46,41,46,41,46,5,6,5,6,6,6,5,5,5,6,5,6
202,0,1,0,10,11,325,325,322,322,46,46,41,46,41,46,5,6,5,6,6,6,5,5,5,6,5,6
202,0,2,0,10,11,406,406,455,455,46,46,41,46,41,46,5,6,5,6,6,6,5,5,5,6,5,6
202,0,0,2,54,54,55,55,55,10,5,10,10,10,20,15,20,20,20
202,0,0,3,129,129,129,60,60,10,10,10,10,10,10,10,10,10,10
202,0,0,4,129,60,60,60,60,20,20,20,20,20,20,20,20,20,20
202,0,0,5,60,60,129,60,129,40,40,40,40,40,40,40,40,40,40
203,0,0,0,41,41,41,41,66,66,19,19,74,19,74,183,13,15,13,15,14,14,14,14,14,16,14,15
203,0,1,0,41,41,359,359,296,296,19,19,74,19,74,183,13,15,13,15,14,14,14,14,14,16,14,15
203,0,2,0,41,41,436,436,433,433,19,19,74,19,74,183,13,15,13,15,14,14,14,14,14,16,14,15
203,0,0,2,118,118,119,119,119,15,10,15,15,15,25,20,25,25,25
203,0,0,3,129,129,129,118,118,10,10,10,10,10,10,10,10,10,10
203,0,0,4,129,118,118,118,118,20,20,20,20,20,20,20,20,20,20
203,0,0,5,118,118,129,119,129,40,40,40,40,40,40,40,40,40,40
204,0,0,0,74,66,74,66,74,74,19,19,66,41,66,41,13,13,13,13,15,15,14,14,15,14,15,14
204,0,1,0,74,66,359,359,296,296,19,19,66,41,66,41,13,13,13,13,15,15,14,14,15,14,15,14
204,0,2,0,74,66,436,436,433,433,19,19,66,41,66,41,13,13,13,13,15,15,14,14,15,14,15,14
205,0,0,0,75,67,75,67,74,74,20,20,66,42,66,42,31,32,31,32,31,31,30,30,28,30,28,30
205,0,1,0,75,67,359,359,296,296,20,20,66,42,66,42,31,32,31,32,31,31,30,30,28,30,28,30
205,0,2,0,75,67,436,436,433,433,20,20,66,42,66,42,31,32,31,32,31,31,30,30,28,30,28,30
205,0,0,2,118,118,119,119,119,15,20,20,20,20,25,30,30,30,30
205,0,0,3,129,129,129,118,118,10,10,10,10,10,10,10,10,10,10
205,0,0,4,129,118,118,118,118,20,20,20,20,20,20,20,20,20,20
205,0,0,5,118,118,129,119,129,40,40,40,40,40,40,40,40,40,40
206,0,0,0,41,41,41,41,19,19,66,66,74,20,74,20,15,17,15,17,16,16,16,16,16,16,16,16
206,0,1,0,41,41,359,359,296,296,66,66,74,20,74,20,15,17,15,17,16,16,16,16,16,16,16,16
206,0,2,0,41,41,436,436,433,433,66,66,74,20,74,20,15,17,15,17,16,16,16,16,16,16,16,16
206,0,0,2,118,118,119,119,119,15,10,15,15,15,25,20,25,25,25
206,0,0,3,129,129,129,118,118,10,10,10,10,10,10,10,10,10,10
206,0,0,4,129,118,118,118,118,20,20,20,20,20,20,20,20,20,20
206,0,0,5,118,118,129,119,129,40,40,40,40,40,40,40,40,40,40
207,1,0,0,220,42,220,42,41,41,220,220,41,124,41,124,21,22,21,22,22,22,23,23,22,22,22,22
207,2,0,0,220,42,220,42,41,41,220,220,124,124,124,124,21,22,21,22,22,22,23,23,22,22,22,22
207,3,0,0,220,42,220,42,41,41,220,220,41,124,41,124,21,22,21,22,22,22,23,23,22,22,22,22
207,0,1,0,220,42,359,359,296,296,220,220,41,124,41,124,21,22,21,22,22,22,23,23,22,22,22,22
207,0,2,0,220,42,436,436,433,433,220,220,41,124,41,124,21,22,21,22,22,22,23,23,22,22,22,22
208,1,0,0,220,42,220,42,41,41,220,220,41,124,41,124,21,22,21,22,22,22,23,23,22,22,22,22
208,2,0,0,220,42,220,42,41,41,220,220,124,124,124,124,21,22,21,22,22,22,23,23,22,22,22,22
208,3,0,0,220,42,220,42,41,41,220,220,41,124,41,124,21,22,21,22,22,22,23,23,22,22,22,22
208,0,1,0,220,42,359,359,296,296,220,220,41,124,41,124,21,22,21,22,22,22,23,23,22,22,22,22
208,0,2,0,220,42,436,436,433,433,220,220,41,124,41,124,21,22,21,22,22,22,23,23,22,22,22,22
209,1,0,0,220,42,220,42,41,41,220,220,41,124,41,124,22,23,22,23,23,23,24,24,23,23,23,23
209,2,0,0,220,42,220,42,41,41,220,220,124,124,124,124,22,23,22,23,23,23,24,24,23,23,23,23
209,3,0,0,220,42,220,42,41,41,220,220,41,124,41,124,22,23,22,23,23,23,24,24,23,23,23,23
209,0,1,0,220,42,359,359,296,296,220,220,41,124,41,124,22,23,22,23,23,23,24,24,23,23,23,23
209,0,2,0,220,42,436,436,433,433,220,220,41,124,41,124,22,23,22,23,23,23,24,24,23,23,23,23
210,1,0,0,220,42,220,42,41,41,220,220,41,124,41,124,22,23,22,23,23,23,24,24,23,23,23,23
210,2,0,0,220,42,220,42,41,41,220,220,124,124,124,124,22,23,22,23,23,23,24,24,23,23,23,23
210,3,0,0,220,42,220,42,41,41,220,220,41,124,41,124,22,23,22,23,23,23,24,24,23,23,23,23
210,0,1,0,220,42,359,359,296,296,220,220,41,124,41,124,22,23,22,23,23,23,24,24,23,23,23,23
210,0,2,0,220,42,436,436,433,433,220,220,41,124,41,124,22,23,22,23,23,23,24,24,23,23,23,23
211,0,0,0,98,41,98,41,98,98,86,86,42,86,42,86,22,23,22,23,24,24,22,22,23,24,23,24
211,0,1,0,98,41,359,359,296,296,86,86,42,86,42,86,22,23,22,23,24,24,22,22,23,24,23,24
211,0,2,0,98,41,436,436,433,433,86,86,42,86,42,86,22,23,22,23,24,24,22,22,23,24,23,24
211,0,0,2,72,116,73,73,73,15,10,15,15,15,25,20,25,25,25
211,0,0,3,129,129,129,98,98,10,10,10,10,10,10,10,10,10,10
211,0,0,4,129,98,98,116,98,20,20,20,20,20,20,20,20,20,20
211,0,0,5,98,116,99,117,99,40,40,40,40,40,40,40,40,40,40
212,0,0,0,98,41,98,41,98,98,86,86,42,86,42,86,22,23,22,23,24,24,22,22,23,24,23,24
212,0,1,0,98,41,359,359,296,296,86,86,42,86,42,86,22,23,22,23,24,24,22,22,23,24,23,24
212,0,2,0,98,41,436,436,433,433,86,86,42,86,42,86,22,23,22,23,24,24,22,22,23,24,23,24
213,0,0,0,98,41,98,41,98,98,86,86,42,86,42,86,22,23,22,23,24,24,22,22,23,24,23,24
213,0,1,0,98,41,359,359,296,296,86,86,42,86,42,86,22,23,22,23,24,24,22,22,23,24,23,24
213,0,2,0,98,41,436,436,433,433,86,86,42,86,42,86,22,23,22,23,24,24,22,22,23,24,23,24
213,0,0,2,116,73,117,117,117,15,15,15,15,30,25,25,25,25,30
213,0,0,3,129,129,129,98,98,10,10,10,10,10,10,10,10,10,10
213,0,0,4,129,98,98,116,98,20,20,20,20,20,20,20,20,20,20
213,0,0,5,98,116,99,117,99,40,40,40,40,40,40,40,40,40,40
214,0,0,0,98,41,98,41,98,98,86,86,42,86,42,86,23,24,23,24,25,25,23,23,24,25,24,25
214,0,1,0,98,41,359,359,296,296,86,86,42,86,42,86,23,24,23,24,25,25,23,23,24,25,24,25
214,0,2,0,98,41,436,436,433,433,86,86,42,86,42,86,23,24,23,24,25,25,23,23,24,25,24,25
215,1,0,0,114,77,114,74,232,232,78,78,84,85,84,85,41,42,41,42,42,42,44,44,41,43,41,43
215,2,0,0,114,77,114,74,232,232,78,78,84,85,84,85,41,42,41,42,42,42,44,44,41,43,41,43
215,3,0,0,114,77,114,74,232,232,78,78,215,215,215,215,41,42,41,42,42,42,44,44,41,43,41,43
215,0,1,0,114,77,293,293,232,232,264,264,84,85,84,85,41,42,41,42,42,42,44,44,41,43,41,43
215,0,2,0,114,77,114,418,418,399,399,78,84,85,84,85,41,42,41,42,42,42,44,44,41,43,41,43
215,0,0,2,61,61,60,60,61,30,35,30,30,48,40,45,40,40,48
215,0,0,3,129,129,129,60,60,10,10,10,10,10,10,10,10,10,10
215,0,0,4,129,60,60,60,60,20,20,20,20,20,20,20,20,20,20
215,0,0,5,60,60,129,60,129,40,40,40,40,40,40,40,40,40,40
216,1,0,0,195,208,195,55,232,232,195,195,42,246,42,246,45,48,45,48,48,47,45,45,48,20,48,15
216,2,0,0,195,208,195,55,232,232,195,195,42,246,42,246,45,48,45,48,48,47,45,45,48,20,48,15
216,3,0,0,195,208,195,55,232,232,200,200,42,246,42,246,45,48,45,48,48,47,45,45,48,20,48,15
216,0,1,0,195,208,359,359,296,296,195,195,42,246,42,246,45,48,45,48,48,47,45,45,48,20,48,15
216,0,2,0,195,208,436,436,433,433,195,195,42,246,42,246,45,48,45,48,48,47,45,45,48,20,48,15
216,0,0,2,119,119,118,118,118,30,35,30,30,30,40,45,40,40,40
216,0,0,3,129,129,129,118,118,10,10,10,10,10,10,10,10,10,10
216,0,0,4,129,118,118,118,118,20,20,20,20,20,20,20,20,20,20
216,0,0,5,118,118,129,119,129,40,40,40,40,40,40,40,40,40,40
217,1,0,0,195,215,231,55,232,232,195,195,42,246,42,246,45,48,46,48,48,50,45,45,48,20,48,15
217,2,0,0,195,215,231,55,232,232,195,195,42,246,42,246,45,48,46,48,48,50,45,45,48,20,48,15
217,3,0,0,195,215,231,55,232,232,200,200,42,246,42,246,45,48,46,48,48,50,45,45,48,20,48,15
217,0,1,0,195,215,359,359,296,296,195,195,42,246,42,246,45,48,46,48,48,50,45,45,48,20,48,15
217,0,2,0,195,215,436,436,433,433,195,195,42,246,42,246,45,48,46,48,48,50,45,45,48,20,48,15
217,0,0,2,119,119,118,118,118,30,35,30,30,30,40,45,40,40,40
217,0,0,3,129,129,129,118,118,10,10,10,10,10,10,10,10,10,10
217,0,0,4,129,118,118,118,118,20,20,20,20,20,20,20,20,20,20
217,0,0,5,118,118,129,119,129,40,40,40,40,40,40,40,40,40,40
218,0,0,0,95,232,95,232,231,75,75,75,42,246,42,246,42,44,42,44,43,43,42,41,45,20,45,15
218,0,1,0,95,232,359,359,296,296,75,75,42,246,42,246,42,44,42,44,43,43,42,41,45,20,45,15
218,0,2,0,95,232,436,436,433,433,75,75,42,246,42,246,42,44,42,44,43,43,42,41,45,20,45,15
218,0,0,2,119,119,118,118,119,30,35,30,30,50,40,45,40,40,50
218,0,0,3,129,129,129,118,118,10,10,10,10,10,10,10,10,10,10
218,0,0,4,129,118,119,129,119,20,20,20,20,20,20,20,20,20,20
218,0,0,5,130,119,119,130,119,40,40,40,40,40,40,40,40,40,40
219,1,0,0,195,55,195,231,232,232,247,195,42,246,42,246,45,48,45,46,48,47,45,45,48,20,48,15
219,2,0,0,195,55,195,231,232,232,247,195,42,246,42,246,45,48,45,46,48,47,45,45,48,20,48,15
219,3,0,0,200,55,200,231,232,232,247,195,42,246,42,246,45,48,45,46,48,47,45,45,48,20,48,15
219,0,1,0,195,55,359,359,296,296,247,195,42,246,42,246,45,48,45,46,48,47,45,45,48,20,48,15
219,0,2,0,195,55,436,436,433,433,247,195,42,246,42,246,45,48,45,46,48,47,45,45,48,20,48,15
220,1,0,0,215,55,195,55,232,232,195,195,42,246,42,246,50,48,45,48,47,47,45,45,48,20,48,15
220,2,0,0,215,55,195,55,232,232,195,195,42,246,42,246,50,48,45,48,47,47,45,45,48,20,48,15
220,3,0,0,215,55,195,55,232,232,200,200,42,246,42,246,50,48,45,48,47,47,45,45,48,20,48,15
220,0,1,0,215,55,359,359,296,296,195,195,42,246,42,246,50,48,45,48,47,47,45,45,48,20,48,15
220,0,2,0,215,55,436,436,433,433,195,195,42,246,42,246,50,48,45,48,47,47,45,45,48,20,48,15
220,0,0,2,119,119,118,118,118,30,35,30,30,30,40,45,40,40,40
220,0,0,3,129,129,129,118,118,10,10,10,10,10,10,10,10,10,10
220,0,0,4,129,118,118,118,118,20,20,20,20,20,20,20,20,20,20
220,0,0,5,118,118,129,119,129,40,40,40,40,40,40,40,40,40,40
221,0,0,0,42,95,42,95,231,42,232,232,55,246,55,246,51,48,51,48,48,48,50,50,51,20,51,15
221,0,1,0,42,95,359,359,296,296,232,232,55,246,55,246,51,48,51,48,48,48,50,50,51,20,51,15
221,0,2,0,42,95,436,436,433,433,232,232,55,246,55,246,51,48,51,48,48,48,50,50,51,20,51,15
222,1,0,0,215,55,195,55,232,232,246,195,42,246,42,246,45,48,45,48,47,47,30,45,48,20,48,15
222,2,0,0,215,55,195,55,232,232,246,195,42,246,42,246,45,48,45,48,47,47,30,45,48,20,48,15
222,3,0,0,215,55,195,200,232,232,246,200,42,246,42,246,45,48,45,48,47,47,30,45,48,20,48,15
222,0,1,0,215,55,359,359,296,296,246,195,42,246,42,246,45,48,45,48,47,47,30,45,48,20,48,15
222,0,2,0,215,55,436,436,433,433,246,195,42,246,42,246,45,48,45,48,47,47,30,45,48,20,48,15
222,0,0,2,119,119,118,118,118,30,35,30,30,30,40,45,40,40,40
222,0,0,3,129,129,129,118,118,10,10,10,10,10,10,10,10,10,10
222,0,0,4,129,118,118,118,118,20,20,20,20,20,20,20,20,20,20
222,0,0,5,118,118,129,119,129,40,40,40,40,40,40,40,40,40,40
223,0,0,0,74,41,74,41,74,74,74,74,41,41,41,206,3,2,3,2,2,2,4,4,3,4,3,4
223,0,1,0,74,41,359,359,296,296,74,74,41,41,41,206,3,2,3,2,2,2,4,4,3,4,3,4
223,0,2,0,74,41,436,436,433,433,74,74,41,41,41,206,3,2,3,2,2,2,4,4,3,4,3,4
223,0,0,1,206,74,4,8,8,14
223,0,0,2,129,129,129,129,129,10,5,2,2,2,20,15,10,10,10
223,0,0,3,129,129,129,118,118,10,10,10,10,10,10,10,10,10,10
223,0,0,4,129,118,118,118,118,20,20,20,20,20,20,20,20,20,20
223,0,0,5,118,118,129,119,129,40,40,40,40,40,40,40,40,40,40
224,0,0,0,74,41,74,41,75,75,202,202,202,42,202,42,23,23,23,23,25,25,20,20,25,23,25,23
224,0,1,0,74,41,359,359,296,296,202,202,202,42,202,42,23,23,23,23,25,25,20,20,25,23,25,23
224,0,2,0,74,41,436,436,433,433,202,202,202,42,202,42,23,23,23,23,25,25,20,20,25,23,25,23
224,0,0,2,129,129,129,129,129,10,5,2,2,2,20,15,10,10,10
224,0,0,3,129,129,129,118,118,10,10,10,10,10,10,10,10,10,10
224,0,0,4,129,118,118,118,118,20,20,20,20,20,20,20,20,20,20
224,0,0,5,118,118,129,119,129,40,40,40,40,40,40,40,40,40,40
225,0,0,0,75,42,75,42,232,232,95,95,95,111,95,111,32,32,32,32,33,33,34,34,36,35,36,35
225,0,1,0,75,42,359,359,296,296,95,95,95,111,95,111,32,32,32,32,33,33,34,34,36,35,36,35
225,0,2,0,75,42,436,436,433,433,95,95,95,111,95,111,32,32,32,32,33,33,34,34,36,35,36,35
226,0,0,0,75,42,75,42,232,232,95,95,95,111,95,111,32,32,32,32,33,33,34,34,36,35,36,35
226,0,1,0,75,42,359,359,296,296,95,95,95,111,95,111,32,32,32,32,33,33,34,34,36,35,36,35
226,0,2,0,75,42,436,436,433,433,95,95,95,111,95,111,32,32,32,32,33,33,34,34,36,35,36,35
227,0,0,0,75,42,75,42,232,232,95,95,95,111,95,111,32,32,32,32,33,33,34,34,36,35,36,35
227,0,1,0,75,42,359,359,296,296,95,95,95,111,95,111,32,32,32,32,33,33,34,34,36,35,36,35
227,0,2,0,75,42,436,436,433,433,95,95,95,111,95,111,32,32,32,32,33,33,34,34,36,35,36,35
227,0,0,1,74,75,24,30,32,33
228,0,0,2,129,129,147,147,147,10,5,5,5,5,20,15,15,15,15
228,0,0,3,129,129,129,129,129,10,10,10,10,10,10,10,10,10,10
228,0,0,4,129,129,129,147,129,20,20,20,20,20,20,20,20,20,20
228,0,0,5,129,147,129,148,129,40,40,40,40,40,40,40,40,40,40
229,0,0,0,41,20,41,20,42,42,79,79,19,79,19,79,22,22,22,22,22,22,21,21,20,23,20,23
229,0,1,0,41,20,359,359,296,296,79,79,19,79,19,79,22,22,22,22,22,22,21,21,20,23,20,23
229,0,2,0,41,20,436,436,433,433,79,79,19,79,19,79,22,22,22,22,22,22,21,21,20,23,20,23
229,0,0,2,118,79,119,119,119,20,20,20,20,20,20,20,20,20,20
229,0,0,3,129,129,129,118,118,10,10,10,10,10,10,10,10,10,10
229,0,0,4,129,118,118,118,118,20,20,20,20,20,20,20,20,20,20
229,0,0,5,118,118,129,119,129,40,40,40,40,40,40,40,40,40,40
230,1,0,0,10,10,11,16,11,11,12,12,17,25,25,25,3,3,3,3,5,5,7,7,7,4,7,4
230,2,0,0,10,10,11,16,11,11,16,17,17,25,25,25,3,3,3,3,5,5,7,7,7,4,7,4
230,3,0,0,163,163,163,163,163,163,164,164,164,25,164,25,3,3,3,3,5,5,7,7,7,4,7,4
230,0,1,0,10,10,325,325,322,322,12,12,17,25,25,25,3,3,3,3,5,5,7,7,7,4,7,4
230,0,2,0,10,10,406,406,455,455,12,12,17,25,25,25,3,3,3,3,5,5,7,7,7,4,7,4
231,1,0,0,42,74,98,99,66,95,194,195,75,67,208,208,22,19,20,22,19,20,18,20,20,22,23,23
231,2,0,0,42,74,98,99,66,95,194,195,75,67,208,208,22,19,20,22,19,20,18,20,20,22,23,23
231,3,0,0,42,74,98,99,66,95,41,200,42,67,208,208,22,19,20,22,19,20,18,20,20,22,23,23
231,0,1,0,42,74,359,359,296,296,194,195,75,67,208,208,22,19,20,22,19,20,18,20,20,22,23,23
231,0,2,0,42,74,436,436,433,433,194,195,75,67,208,208,22,19,20,22,19,20,18,20,20,22,23,23
231,0,0,1,98,99,20,28,26,31
232,0,0,2,194,194,195,195,195,20,20,30,30,30,30,30,40,40,40
232,0,0,3,129,129,129,129,129,10,10,10,10,10,10,10,10,10,10
232,0,0,4,129,129,129,60,60,20,20,20,20,20,20,20,20,20,20
232,0,0,5,129,129,60,60,60,40,40,40,40,40,40,40,40,40,40